{"facebook": 24.150145530700684, "amazon": 4.068400621414185}